CleanedIDs	seqnames	start	end	width	strand	Conc	Conc_MB6	Conc_Ctrl	Fold	p.value	FDR	NearestGeneName	NearestGeneEnsemblID	DistanceToNearest	TF_Name	Family_Name
ENSG00000120669	chr13	36780275	36780562	288	*	2.6	1.55	3.2	-1.65	0.000819	0.04	SOHLH2; CCDC169-SOHLH2	ENSG00000120669.11; ENSG00000250709.1	0	SOHLH2	bHLH
ENSG00000128272	chr22	39916806	39917149	344	*	4.52	5.1	3.52	1.57	1.66e-07	0.000232	ATF4	ENSG00000128272.10	0	ATF4	bZIP
ENSG00000134532	chr12	23820413	23820796	384	*	3.66	2.51	4.29	-1.78	5.38e-06	0.00219	SOX5	ENSG00000134532.11	0	SOX5	Sox
ENSG00000143842	chr1	204026860	204027208	349	*	3.42	4.01	2.4	1.6	5.35e-05	0.00894	SOX13	ENSG00000143842.10	15034	SOX13	Sox
ENSG00000197360	chr19	22666917	22667285	369	*	3.14	2.19	3.7	-1.52	0.000983	0.0435	ZNF98	ENSG00000197360.5	0	ZNF98	C2H2 ZF
ENSG00000205189	chr8	81428545	81428884	340	*	3.07	1.55	3.79	-2.24	6.99e-06	0.00259	ZBTB10	ENSG00000205189.7	0	ZBTB10	C2H2 ZF
